Date Time,Reference Number,Site Contact,New Priority,Contractor,Actions,Notes
14/12/2024 14:09,1212,2,P3.5 Escalated Routine,12,"Emailed, Cancelled",Priority Change Reason: Escalated
14/12/2024 14:12,11221,Testing 1223,,341234,"Contacted, Dispatched, Emailed",mosh
14/12/2024 14:13,q1231,11241,,,"Contacted, Dispatched, Emailed, Confirmed",
29/12/2024 13:39,123123,Thomas,,Electric,"Contacted, Dispatched",Cancellation Reason: Site Contact Advised notie test
29/12/2024 13:40,123123,Thomas,,Electric,"Contacted, Dispatched",notie test
29/12/2024 13:40,123123,Thomas,,Electric,"Contacted, Dispatched",notie test
29/12/2024 13:40,123122,Thomas,,Electric,"Contacted, Dispatched",notie test
29/12/2024 13:40,123122,Thomas,,Electric,"Contacted, Dispatched",notie test
29/12/2024 13:42,147,Thomas,,Ethomas,"Contacted, Dispatched, Emailed",Site Contact to Dispatch Workorder site to dispotach
29/12/2024 13:44,1236,Testets,,Plumb,"Contacted, Dispatched","Priority Change Reason: Escalated
 - Test test"
29/12/2024 15:27,12819927273,Test,,Electric,"Contacted, Dispatched","Priority Change Reason: Site Contact Request
test"
29/12/2024 15:30,999,,,,,"Priority Change Reason: Escalated
uouooi"
29/12/2024 15:56,11201992,Jju,,Uuu,,
29/12/2024 19:04,wsws,,,,,
29/12/2024 19:07,123123,Supervisor,,Electriccal,"Contacted, Dispatched",
29/12/2024 19:09,123,,,,,
29/12/2024 19:10,123,,,,Contacted,
29/12/2024 19:14,123,,,,,
29/12/2024 19:15,776623,,,,"Contacted, Emailed",
29/12/2024 19:15,22222,,,,Emailed,
29/12/2024 19:16,12313,,,,,
29/12/2024 19:16,2222,,,,,
29/12/2024 19:17,123,,,,,
29/12/2024 19:18,123123,,,,,
29/12/2024 19:18,3333,,,,,
29/12/2024 19:20,qweoqwoei,,,,,
29/12/2024 19:21,1123,,,,,
29/12/2024 21:23,112323,,,,,
29/12/2024 21:26,1192283,Thomas,P2 Immediate,woofie,"Contacted, Emailed, Confirmed","Priority Change Reason: Site Contact Request
teainr noties


ddd





d






















ddd
dd

d
d
d
d
d
d
d
d

d"
30/12/2024 14:43,123,,,,,
30/12/2024 15:59,1123,,,,"Contacted, Dispatched",
30/12/2024 15:59,12341245,,,9178,"Dispatched, Emailed, Confirmed",tetwsiunf
30/12/2024 16:00,1191119,Thmas,,Electricians,"Contacted, Dispatched, Emailed",tsting
30/12/2024 16:03,teting,Thomasthomas,,Hellohelo,Cancelled,Cancellation Reason: Site Contact Advised
01/01/2025 10:12,112,Tom,P3 Urgent,Lol,"Contacted, Emailed, Cancelled","Site Contact to Dispatch Workorder
lolokijiji
ijji
j"
02/01/2025 20:16,119112112,Defence Matrix,,Electrcian,"Contacted, Dispatched, Emailed",hello testing thenotes
02/01/2025 20:20,112321,,,,,
02/01/2025 20:21,testing,,,,"Confirmed, Cancelled",
02/01/2025 20:21,testing,,,,,
02/01/2025 20:23,119223223,,,,,
02/01/2025 20:23,119223223q,,,,,
02/01/2025 20:24,112,,,,,
02/01/2025 20:24,1188817,,,,,
02/01/2025 20:40,QQ,Tg,,Ttf,"Dispatched, Emailed, Confirmed",UYUHUH
02/01/2025 20:46,123,,,,,
02/01/2025 21:20,112313,,,,,
08/01/2025 19:55,1121213,,P3 Urgent,,"Contacted, Dispatched","Cancellation Reason: Site Contact Advised
edefwfwqef"
08/01/2025 22:19,2452r2r2,23R2,,23R2,"Contacted, Dispatched, Confirmed, Cancelled, POC Callback","Cancellation Reason: 
23r23r23r2"
